<?xml version="1.0" encoding="UTF-8"?>
<jcr:root xmlns:cq="http://www.day.com/jcr/cq/1.0" xmlns:jcr="http://www.jcp.org/jcr/1.0"
    jcr:primaryType="cq:Page">
    <fly-landing-offers-swimlane-content-fragment/>
    <home-offer-swimlane-content-fragment/>
    <shop-landing-offers-swimlane-content-fragment/>
    <isc-products-content-fragment/>
    <latest-happenings/>
    <main-promo-content-fragment/>
    <partner-promo-content-fragment/>
    <rewards-info-content-fragment/>
    <tenant-offer-content-fragment/>
    <vouchers-content-fragment/>
    <tenant-content-fragment/>
    <changi-eats/>
    <dining-content-fragment/>
    <more-options-content-fragment/>
    <rewards-travel-upgrade-cf/>
    <changi-rewards-travel-content-fragment/>
    <changi-rewards-member-content-fragment/>
    <ask-max/>
    <shortcut-links-content-fragment/>
    <main-category-content-fragment/>
    <crt-benefits-card/>
    <image-carousel-content-fragment/>
    <page-level-content-fragment/>
    <shortcut-links-fly-content-fragment/>
    <card-with-illustrations-content-fragment/>
    <cards-with-links-ground-transport/>
    <fly-details-section-break/>
    <tier-icon/>
    <horizontal-card-fly/>
    <horizontal-content-card/>
    <card-with-link-changi-content-fragment/>
    <flight-hero-image-content-fragment/>
    <masthead-content-fragment/>
    <how-to-use-section-changi-rewards-ecard/>
    <attractions-content-fragment/>
    <airport-shortcut-links-content-fragment/>
    <fly-content-card/>
    <shortcut-for-explore-content-fragment/>
    <two-column-table-content-fragment/>
    <three-column-table-content-fragment/>
    <blogs-and-review-content-fragment/>
    <facilities-services-content-fragment/>
    <four-column-table-content-fragment/>
    <shop-landing-pagelayout-cf/>
    <dine-landing-page-config/>
    <dine-landing-spotlight-restaurants/>
    <shop-landing-not-to-be-missed-offers/>
    <ticker-band/>
    <cuisine-category-content-fragment/>
    <offer-details-screen-content-fragment/>
</jcr:root>
